,,,,1,,,,,,,,,,,,,,,,,,,,Mood,,,24kGoldn Featuring iann dior,,,,,,,,,,,,1,,,,,1,,,,,22,,,,,,,,,,,,,,1,,,,,1,,,,,22,,,,,,,,,,,,,,,,,,,,,Credits,,Awards,,Share,,,,,Songwriter(s):,,G.L.von Jones, O.Fedi, B.Slatktin, K.C.Bach, M.I.Olmo,,Producer(s):,,O.Fedi, B.Slatkin, KBeaZy,,Imprint/Promotion Label:,,RECORDS/Columbia,,,,,,,,Gains In Performance,,,,,,,Share Chart on Twitter,,,,,Twitter,,,,Share Chart on Copy Link,,,,,Copy Link,,,,Share Chart on Facebook,,,,,Facebook,,,,Share Chart on Embed,,,,,Embed,,,,,,,,,,RIAA Certification:,,,Platinum x5,,,,
,,,,2,,,,,,,,,,,,,,,,,,,,Positions,,,Ariana Grande,,,,,,,,,,2,,,,,1,,,,,11,,,,,,,,,,,,2,,,,,1,,,,,11,,,,,,,,,,,,,,,,,,,,,Credits,,Share,,,,,Songwriter(s):,,A.Grande, T.L.Brown, N.A.A.Charles, A.Barrett, S.Franks, B.V.Bates, L.T.Holmes, J.Jarvis,,Producer(s):,,London On Da Track, TBHits, Mr.Franks,,Imprint/Promotion Label:,,Republic,,,,,,Share Chart on Twitter,,,,,Twitter,,,,Share Chart on Copy Link,,,,,Copy Link,,,,Share Chart on Facebook,,,,,Facebook,,,,Share Chart on Embed,,,,,Embed,,,,,,,,,,RIAA Certification:,,,Platinum x2,,,,
,,,,3,,,,,,,,,,,,,,,,,,,,Blinding Lights,,,The Weeknd,,,,,,,,,,3,,,,,1,,,,,57,,,,,,,,,,,,3,,,,,1,,,,,57,,,,,,,,,,,,,,,,,,,,,Credits,,Share,,,,,Songwriter(s):,,A.Tesfaye, A.Balshe, J.Quenneville, Max Martin, O.T.Holter,,Producer(s):,,Max Martin, O.T.Holter, The Weeknd,,Imprint/Promotion Label:,,XO/Republic,,,,,,Share Chart on Twitter,,,,,Twitter,,,,Share Chart on Copy Link,,,,,Copy Link,,,,Share Chart on Facebook,,,,,Facebook,,,,Share Chart on Embed,,,,,Embed,,,,,,,,,,RIAA Certification:,,,Platinum x8,,,,
,,,,4,,,,,,,,,,,,,,,,,,,,Holy,,,Justin Bieber Featuring Chance The Rapper,,,,,,,,,,4,,,,,3,,,,,16,,,,,,,,,,,,4,,,,,3,,,,,16,,,,,,,,,,,,,,,,,,,,,Credits,,Share,,,,,Songwriter(s):,,J.D.Bieber, J.D.Bellion, M.R.Pollack, J.Odegard, T.L.Brown, C.J.Bennett, A.M.Jones, S.Franks,,Producer(s):,,J.Odegard, J.Bellion, TBHits, Mr.Franks,,Imprint/Promotion Label:,,Raymond Braun/Def Jam,,,,,,Share Chart on Twitter,,,,,Twitter,,,,Share Chart on Copy Link,,,,,Copy Link,,,,Share Chart on Facebook,,,,,Facebook,,,,Share Chart on Embed,,,,,Embed,,,,,,,,,,RIAA Certification:,,,Platinum x2,,,,
,,,,5,,,,,,,,,,,,,,,,,,,,Go Crazy,,,Chris Brown & Young Thug,,,,,,,,,,,,6,,,,,5,,,,,35,,,,,,,,,,,,,,6,,,,,5,,,,,35,,,,,,,,,,,,,,,,,,,,,Credits,,Awards,,Share,,,,,Songwriter(s):,,C.M.Brown, J.L.Williams, S.Aznou, D.Aznou, J.Klevin, K.Castaneda, C.D.Murphy, T.Samuels, T.Sims, S.Benjelloun, W.Saamuels, O.Akinlolu, Z.Kharboch, P.Pigliapoco, O.Hall, P.Price,,Producer(s):,,S.Aznou, D.Aznou, J.Kelvin, K.Caastaneda, Murphy Kid,,Imprint/Promotion Label:,,300/CBE/RCA,,,,,,,,Gains In Performance,,,,,,,Share Chart on Twitter,,,,,Twitter,,,,Share Chart on Copy Link,,,,,Copy Link,,,,Share Chart on Facebook,,,,,Facebook,,,,Share Chart on Embed,,,,,Embed,,,,,,,,,,RIAA Certification:,,,Platinum x3,,,,
,,,,6,,,NEW,,,,,,,,,,,,NEW,,,,,,,Anyone,,,Justin Bieber,,,,,,,,,,,,-,,,,,6,,,,,1,,,,,,,,,,,,,,-,,,,,6,,,,,1,,,,,,,,,,,,,,,,,,,,,Credits,,Awards,,Share,,,,,Songwriter(s):,,J.D.Bieber, J.D.Bellion, M.R.Pollack, J.K.Johnson, S.Johnson, A.Wotman, A.Izquierdo, R.Cubina,,Producer(s):,,The Monsters & Strangerz, Andrew Watt, J.Bellion,,Imprint/Promotion Label:,,Raymond Braun/Def Jam,,,,,,,,Highest ranking debut,,,,,Gains In Performance,,,,,,,Share Chart on Twitter,,,,,Twitter,,,,Share Chart on Copy Link,,,,,Copy Link,,,,Share Chart on Facebook,,,,,Facebook,,,,Share Chart on Embed,,,,,Embed,,,,,,,,,,RIAA Certification:,,,Platinum,,,,
,,,,7,,,,,,,,,,,,,,,,,,,,Levitating,,,Dua Lipa,,,,,,,,,,,,10,,,,,7,,,,,14,,,,,,,,,,,,,,10,,,,,7,,,,,14,,,,,,,,,,,,,,,,,,,,,Credits,,Awards,,Share,,,,,Songwriter(s):,,C.Coffee Jr., S.Kozmeniuk, S.T.Hudson, D.Lipa, J.L.Kirk,,Producer(s):,,KOZ, S.D.Price,,Imprint/Promotion Label:,,Warner,,,,,,,,Gains In Performance,,,,,,,Share Chart on Twitter,,,,,Twitter,,,,Share Chart on Copy Link,,,,,Copy Link,,,,Share Chart on Facebook,,,,,Facebook,,,,Share Chart on Embed,,,,,Embed,,,,,,,,,,RIAA Certification:,,,Platinum x4,,,,
,,,,8,,,,,,,,,,,,,,,,,,,,Laugh Now Cry Later,,,Drake Featuring Lil Durk,,,,,,,,,,7,,,,,2,,,,,21,,,,,,,,,,,,7,,,,,2,,,,,21,,,,,,,,,,,,,,,,,,,,,Credits,,Share,,,,,Songwriter(s):,,A.Graham, R.LaTour, R.A.Martinez, D.Jackson, R.Chahayed, D.D.Banks,,Producer(s):,,Cardo On The Beat, G. Ry, Yung Exclusive, R.Chahayed,,Imprint/Promotion Label:,,OVO Sound/Republic,,,,,,Share Chart on Twitter,,,,,Twitter,,,,Share Chart on Copy Link,,,,,Copy Link,,,,Share Chart on Facebook,,,,,Facebook,,,,Share Chart on Embed,,,,,Embed,,,,,,,,,
,,,,9,,,,,,,,,,,,,,,,,,,,Bang!,,,AJR,,,,,,,,,,,,11,,,,,9,,,,,27,,,,,,,,,,,,,,11,,,,,9,,,,,27,,,,,,,,,,,,,,,,,,,,,Credits,,Awards,,Share,,,,,Songwriter(s):,,A.Metzger, J.Metzger, R.Metzger,,Producer(s):,,R.Metzger,,Imprint/Promotion Label:,,AJR/BMG/S-Curve,,,,,,,,Gains In Performance,,,,,,,Share Chart on Twitter,,,,,Twitter,,,,Share Chart on Copy Link,,,,,Copy Link,,,,Share Chart on Facebook,,,,,Facebook,,,,Share Chart on Embed,,,,,Embed,,,,,,,,,,RIAA Certification:,,,Platinum x2,,,,
,,,,10,,,,,,,,,,,,,,,,,,,,I Hope,,,Gabby Barrett Featuring Charlie Puth,,,,,,,,,,8,,,,,3,,,,,54,,,,,,,,,,,,8,,,,,3,,,,,54,,,,,,,,,,,,,,,,,,,,,Credits,,Share,,,,,Songwriter(s):,,Z.Kale, J.M.Nite, G.Barrett,,Producer(s):,,R.Copperman, Z.Kale,,Imprint/Promotion Label:,,Warner Music Nashville/WAR,,,,,,Share Chart on Twitter,,,,,Twitter,,,,Share Chart on Copy Link,,,,,Copy Link,,,,Share Chart on Facebook,,,,,Facebook,,,,Share Chart on Embed,,,,,Embed,,,,,,,,,,RIAA Certification:,,,Platinum x5,,,,
,,,,11,,,,,,,,,,,,,,,,,,,,For The Night,,,Pop Smoke Featuring Lil Baby & DaBaby,,,,,,,,,,13,,,,,6,,,,,27,,,,,,,,,,,,13,,,,,6,,,,,27,,,,,,,,,,,,,,,,,,,,,Credits,,Share,,,,,Songwriter(s):,,B.B.Jackson, A.C.J.Petit, Sr., D.A.Jones, C.B.Marcussen, M.G.Dean, J.L.Kirk, J.R.Jackson, C.B.Leutwyler,,Producer(s):,,CashMoneyAP, Palaze,,Imprint/Promotion Label:,,Victor Victor Worldwide/Republic,,,,,,Share Chart on Twitter,,,,,Twitter,,,,Share Chart on Copy Link,,,,,Copy Link,,,,Share Chart on Facebook,,,,,Facebook,,,,Share Chart on Embed,,,,,Embed,,,,,,,,,,RIAA Certification:,,,Platinum x4,,,,
,,,,12,,,,,,,,,,,,,,,,,,,,Lemonade,,,Internet Money & Gunna Featuring Don Toliver & NAV,,,,,,,,,,14,,,,,6,,,,,21,,,,,,,,,,,,14,,,,,6,,,,,21,,,,,,,,,,,,,,,,,,,,,Credits,,Share,,,,,Songwriter(s):,,C.Z.Toliver, N.S.Goraya, S.G.Kitchens, N.Mira, A.Wigdahl, E.Iatrou, H.Nichols, Taz Taylor,,Producer(s):,,N.Mira, A.Wigdahl, E-Trou, Pharaoh Vice, Taz Taylor,,Imprint/Promotion Label:,,Internet Money/TenThousand Projects/Capitol,,,,,,Share Chart on Twitter,,,,,Twitter,,,,Share Chart on Copy Link,,,,,Copy Link,,,,Share Chart on Facebook,,,,,Facebook,,,,Share Chart on Embed,,,,,Embed,,,,,,,,,,RIAA Certification:,,,Platinum x3,,,,
,,,,13,,,,,,,,,,,,,,,,,,,,34+35,,,Ariana Grande Feat. Doja Cat & Megan Thee Stallion,,,,,,,,,,,,19,,,,,8,,,,,10,,,,,,,,,,,,,,19,,,,,8,,,,,10,,,,,,,,,,,,,,,,,,,,,Credits,,Awards,,Share,,,,,Songwriter(s):,,A.Grande, T.L.Brown, S.Nicholson, V.M.McCants, Tayla Parx, C.X.Herrera, P.L.Johnson, S.Franks, A.Stanaj, A.Z.Dlamini, M.J.Pete,,Producer(s):,,TBHits, P.L.Johnson, Xavi, Mr.Franks,,Imprint/Promotion Label:,,Republic,,,,,,,,Biggest gain in airplay,,,,,Gains In Performance,,,,,,,Share Chart on Twitter,,,,,Twitter,,,,Share Chart on Copy Link,,,,,Copy Link,,,,Share Chart on Facebook,,,,,Facebook,,,,Share Chart on Embed,,,,,Embed,,,,,,,,,,RIAA Certification:,,,Platinum x2,,,,
,,,,14,,,,,,,,,,,,,,,,,,,,Therefore I Am,,,Billie Eilish,,,,,,,,,,,,18,,,,,2,,,,,9,,,,,,,,,,,,,,18,,,,,2,,,,,9,,,,,,,,,,,,,,,,,,,,,Credits,,Awards,,Share,,,,,Songwriter(s):,,B.E.O'Connell, F.B.O'Connell,,Producer(s):,,Finneas,,Imprint/Promotion Label:,,Darkroom/Interscope,,,,,,,,Gains In Performance,,,,,,,Share Chart on Twitter,,,,,Twitter,,,,Share Chart on Copy Link,,,,,Copy Link,,,,Share Chart on Facebook,,,,,Facebook,,,,Share Chart on Embed,,,,,Embed,,,,,,,,,
,,,,15,,,,,,,,,,,,,,,,,,,,Kings & Queens,,,Ava Max,,,,,,,,,,16,,,,,13,,,,,22,,,,,,,,,,,,16,,,,,13,,,,,22,,,,,,,,,,,,,,,,,,,,,Credits,,Share,,,,,Songwriter(s):,,A.A.Koci, H.R.Walter, N.Khayat, J.Erixson, M.Blinson, H.Bernstein, M.E.Love, B.McLaughlin, D.Child,,Producer(s):,,Cirkut, RedOne,,Imprint/Promotion Label:,,Max Cut/Artist Partner Group/Atlantic,,,,,,Share Chart on Twitter,,,,,Twitter,,,,Share Chart on Copy Link,,,,,Copy Link,,,,Share Chart on Facebook,,,,,Facebook,,,,Share Chart on Embed,,,,,Embed,,,,,,,,,,RIAA Certification:,,,Platinum,,,,
,,,,16,,,,,,,,,,,,,,,,,,,,Body,,,Megan Thee Stallion,,,,,,,,,,,,21,,,,,12,,,,,7,,,,,,,,,,,,,,21,,,,,12,,,,,7,,,,,,,,,,,,,,,,,,,,,Credits,,Awards,,Share,,,,,Songwriter(s):,,M.J.Pete, J.M.Mason, C.Petrel,,Producer(s):,,Lil Ju,,Imprint/Promotion Label:,,1501 Certified/300,,,,,,,,Gains In Performance,,,,,,,Share Chart on Twitter,,,,,Twitter,,,,Share Chart on Copy Link,,,,,Copy Link,,,,Share Chart on Facebook,,,,,Facebook,,,,Share Chart on Embed,,,,,Embed,,,,,,,,,,RIAA Certification:,,,Platinum,,,,
,,,,17,,,,,,,,,,,,,,,,,,,,Dakiti,,,Bad Bunny & Jhay Cortez,,,,,,,,,,20,,,,,5,,,,,10,,,,,,,,,,,,20,,,,,5,,,,,10,,,,,,,,,,,,,,,,,,,,,Credits,,Share,,,,,Songwriter(s):,,G.A.M.Quintero, M.E.Masis Fernandez, B.A.Martinez Ocasio, J.M.Nieves Cortez, N.Yera Laner, E.E.Rosa Cintron,,Producer(s):,,Tainy, Mora,,Imprint/Promotion Label:,,Rimas,,,,,,Share Chart on Twitter,,,,,Twitter,,,,Share Chart on Copy Link,,,,,Copy Link,,,,Share Chart on Facebook,,,,,Facebook,,,,Share Chart on Embed,,,,,Embed,,,,,,,,,
,,,,18,,,,,,,,,,,,,,,,,,,,Lonely,,,Justin Bieber & benny blanco,,,,,,,,,,,,25,,,,,14,,,,,12,,,,,,,,,,,,,,25,,,,,14,,,,,12,,,,,,,,,,,,,,,,,,,,,Credits,,Awards,,Share,,,,,Songwriter(s):,,B.J.Levin, F.B.O'Connell, J.D.Bieber,,Producer(s):,,benny blanco, Finneas,,Imprint/Promotion Label:,,Friends Keep Secrets/Raymond Braun/Interscope/Def Jam,,,,,,,,Biggest gain in digital sales,,,,,Gains In Performance,,,,,,,Share Chart on Twitter,,,,,Twitter,,,,Share Chart on Copy Link,,,,,Copy Link,,,,Share Chart on Facebook,,,,,Facebook,,,,Share Chart on Embed,,,,,Embed,,,,,,,,,,RIAA Certification:,,,Platinum,,,,
,,,,19,,,,,,,,,,,,,,,,,,,,Better Together,,,Luke Combs,,,,,,,,,,,,24,,,,,19,,,,,14,,,,,,,,,,,,,,24,,,,,19,,,,,14,,,,,,,,,,,,,,,,,,,,,Credits,,Awards,,Share,,,,,Songwriter(s):,,L.Combs, D.Isbell, R.Montana,,Producer(s):,,S.Moffatt,,Imprint/Promotion Label:,,River House/Columbia Nashville,,,,,,,,Gains In Performance,,,,,,,Share Chart on Twitter,,,,,Twitter,,,,Share Chart on Copy Link,,,,,Copy Link,,,,Share Chart on Facebook,,,,,Facebook,,,,Share Chart on Embed,,,,,Embed,,,,,,,,,
,,,,20,,,,,,,,,,,,,,,,,,,,What You Know Bout Love,,,Pop Smoke,,,,,,,,,,22,,,,,20,,,,,18,,,,,,,,,,,,22,,,,,20,,,,,18,,,,,,,,,,,,,,,,,,,,,,,Credits,,Share,,,,,Songwriter(s):,,B.B.Jackson, T.Zene, T.A.Oliver, E.Lumpkin,,Producer(s):,,IamTash,,Imprint/Promotion Label:,,Victor Victor Worldwide/Republic,,,,,,Share Chart on Twitter,,,,,Twitter,,,,Share Chart on Copy Link,,,,,Copy Link,,,,Share Chart on Facebook,,,,,Facebook,,,,Share Chart on Embed,,,,,Embed,,,,,,,,,,RIAA Certification:,,,Platinum x2,,,,
,,,,21,,,,,,,,,,,,,,,,,,,,Whoopty,,,CJ,,,,,,,,,,,,27,,,,,21,,,,,9,,,,,,,,,,,,,,27,,,,,21,,,,,9,,,,,,,,,,,,,,,,,,,,,Credits,,Awards,,Share,,,,,Songwriter(s):,,C.D.Soriano, C.Antoniou, Mithoon,,Producer(s):,,Pxcoyo,,Imprint/Promotion Label:,,CJ Music Group/T-Series/Warner,,,,,,,,Gains In Performance,,,,,,,Share Chart on Twitter,,,,,Twitter,,,,Share Chart on Copy Link,,,,,Copy Link,,,,Share Chart on Facebook,,,,,Facebook,,,,Share Chart on Embed,,,,,Embed,,,,,,,,,,RIAA Certification:,,,Platinum x2,,,,
,,,,22,,,,,,,,,,,,,,,,,,,,Willow,,,Taylor Swift,,,,,,,,,,23,,,,,1,,,,,4,,,,,,,,,,,,23,,,,,1,,,,,4,,,,,,,,,,,,,,,,,,,,,Credits,,Share,,,,,Songwriter(s):,,T.Swift, A.Dessner,,Producer(s):,,A.Dessner,,Imprint/Promotion Label:,,Republic,,,,,,Share Chart on Twitter,,,,,Twitter,,,,Share Chart on Copy Link,,,,,Copy Link,,,,Share Chart on Facebook,,,,,Facebook,,,,Share Chart on Embed,,,,,Embed,,,,,,,,,
,,,,23,,,,,,,,,,,,,,,,,,,,Good Days,,,SZA,,,,,,,,,,,,38,,,,,23,,,,,2,,,,,,,,,,,,,,38,,,,,23,,,,,2,,,,,,,,,,,,,,,,,,,,,Credits,,Awards,,Share,,,,,Songwriter(s):,,C.Ruelas, S.I.Rowe, C.Lang, C.D.Munoz, J.Collier,,Producer(s):,,C.Lang, Nascent, Loshendrix,,Imprint/Promotion Label:,,Top Dawg/RCA,,,,,,,,Gains In Performance,,,,,,,Share Chart on Twitter,,,,,Twitter,,,,Share Chart on Copy Link,,,,,Copy Link,,,,Share Chart on Facebook,,,,,Facebook,,,,Share Chart on Embed,,,,,Embed,,,,,,,,,,RIAA Certification:,,,Platinum x3,,,,
,,,,24,,,,,,,,,,,,,,,,,,,,Before You Go,,,Lewis Capaldi,,,,,,,,,,30,,,,,9,,,,,46,,,,,,,,,,,,30,,,,,9,,,,,46,,,,,,,,,,,,,,,,,,,,,Credits,,Share,,,,,Songwriter(s):,,L.Capaldi, T.Barnes, P.Kelleher, B.Kohn, P.J.Plested,,Producer(s):,,TMS,,Imprint/Promotion Label:,,Vertigo/Capitol,,,,,,Share Chart on Twitter,,,,,Twitter,,,,Share Chart on Copy Link,,,,,Copy Link,,,,Share Chart on Facebook,,,,,Facebook,,,,Share Chart on Embed,,,,,Embed,,,,,,,,,,RIAA Certification:,,,Platinum,,,,
,,,,25,,,,,,,,,,,,,,,,,,,,Dynamite,,,BTS,,,,,,,,,,5,,,,,1,,,,,20,,,,,,,,,,,,5,,,,,1,,,,,20,,,,,,,,,,,,,,,,,,,,,Credits,,Share,,,,,Songwriter(s):,,D. Stewart, J.Agombar,,Producer(s):,,D.Stewart,,Imprint/Promotion Label:,,BigHit Music/Columbia,,,,,,Share Chart on Twitter,,,,,Twitter,,,,Share Chart on Copy Link,,,,,Copy Link,,,,Share Chart on Facebook,,,,,Facebook,,,,Share Chart on Embed,,,,,Embed,,,,,,,,,,RIAA Certification:,,,Platinum x3,,,,
,,,,26,,,,,,,,,,,,,,,,,,,,Rockstar,,,DaBaby Featuring Roddy Ricch,,,,,,,,,,26,,,,,1,,,,,37,,,,,,,,,,,,26,,,,,1,,,,,37,,,,,,,,,,,,,,,,,,,,,Credits,,Share,,,,,Songwriter(s):,,J.L.Kirk, R.W.Moore, Jr., R.J.Partaro IV,,Producer(s):,,SethInTheKitchen,,Imprint/Promotion Label:,,SouthCoast/Interscope,,,,,,Share Chart on Twitter,,,,,Twitter,,,,Share Chart on Copy Link,,,,,Copy Link,,,,Share Chart on Facebook,,,,,Facebook,,,,Share Chart on Embed,,,,,Embed,,,,,,,,,,RIAA Certification:,,,Platinum x5,,,,
,,,,27,,,,,,,,,,,,,,,,,,,,More Than My Hometown,,,Morgan Wallen,,,,,,,,,,33,,,,,15,,,,,28,,,,,,,,,,,,33,,,,,15,,,,,28,,,,,,,,,,,,,,,,,,,,,Credits,,Share,,,,,Songwriter(s):,,M.W.Hardy, E.K.Smith, Charlie Handsome, M.Wallen,,Producer(s):,,J.Moi,,Imprint/Promotion Label:,,Republic/Big Loud,,,,,,Share Chart on Twitter,,,,,Twitter,,,,Share Chart on Copy Link,,,,,Copy Link,,,,Share Chart on Facebook,,,,,Facebook,,,,Share Chart on Embed,,,,,Embed,,,,,,,,,,RIAA Certification:,,,Platinum x3,,,,
,,,,28,,,,,,,,,,,,,,,,,,,,I Should Probably Go To Bed,,,Dan + Shay,,,,,,,,,,,,37,,,,,28,,,,,22,,,,,,,,,,,,,,37,,,,,28,,,,,22,,,,,,,,,,,,,,,,,,,,,Credits,,Awards,,Share,,,,,Songwriter(s):,,D.Smyers, S.Mooney, S.M.Douglas, J.G.Evigan,,Producer(s):,,D.Smyers,,Imprint/Promotion Label:,,Warner Music Nashville/Warner/WAR,,,,,,,,Gains In Performance,,,,,,,Share Chart on Twitter,,,,,Twitter,,,,Share Chart on Copy Link,,,,,Copy Link,,,,Share Chart on Facebook,,,,,Facebook,,,,Share Chart on Embed,,,,,Embed,,,,,,,,,,RIAA Certification:,,,Platinum,,,,
,,,,29,,,,,,,,,,,,,,,,,,,,Afterglow,,,Ed Sheeran,,,,,,,,,,32,,,,,29,,,,,3,,,,,,,,,,,,32,,,,,29,,,,,3,,,,,,,,,,,,,,,,,,,,,Credits,,Share,,,,,Songwriter(s):,,D.H.Hodges, F.J.P.Gibson, E.C.Sheeran,,Producer(s):,,Parisi, E.Sheeran, FRED,,Imprint/Promotion Label:,,Atlantic,,,,,,Share Chart on Twitter,,,,,Twitter,,,,Share Chart on Copy Link,,,,,Copy Link,,,,Share Chart on Facebook,,,,,Facebook,,,,Share Chart on Embed,,,,,Embed,,,,,,,,,
,,,,30,,,,,,,,,,,,,,,,,,,,Starting Over,,,Chris Stapleton,,,,,,,,,,,,35,,,,,25,,,,,19,,,,,,,,,,,,,,35,,,,,25,,,,,19,,,,,,,,,,,,,,,,,,,,,Credits,,Awards,,Share,,,,,Songwriter(s):,,C.Stapleton, M.Henderson,,Producer(s):,,D.Cobb, C.Stapleton,,Imprint/Promotion Label:,,Mercury Nashville,,,,,,,,Gains In Performance,,,,,,,Share Chart on Twitter,,,,,Twitter,,,,Share Chart on Copy Link,,,,,Copy Link,,,,Share Chart on Facebook,,,,,Facebook,,,,Share Chart on Embed,,,,,Embed,,,,,,,,,,RIAA Certification:,,,Platinum,,,,
,,,,31,,,,,,,,,,,,,,,,,,,,Savage Love (Laxed - Siren Beat),,,Jawsh 685 x Jason Derulo,,,,,,,,,,31,,,,,1,,,,,28,,,,,,,,,,,,31,,,,,1,,,,,28,,,,,,,,,,,,,,,,,,,,,Credits,,Share,,,,,Songwriter(s):,,J.Nanai, J.J.Desrouleaux, J.K.Hindlin, P.Greiss,,Producer(s):,,Jawsh 685, Jason Derulo,,Imprint/Promotion Label:,,Columbia,,,,,,Share Chart on Twitter,,,,,Twitter,,,,Share Chart on Copy Link,,,,,Copy Link,,,,Share Chart on Facebook,,,,,Facebook,,,,Share Chart on Embed,,,,,Embed,,,,,,,,,,RIAA Certification:,,,Platinum x3,,,,
,,,,32,,,,,,,,,,,,,,,,,,,,Happy Anywhere,,, Blake Shelton Featuring Gwen Stefani,,,,,,,,,,,,42,,,,,32,,,,,22,,,,,,,,,,,,,,42,,,,,32,,,,,22,,,,,,,,,,,,,,,,,,,,,Credits,,Awards,,Share,,,,,Songwriter(s):,,R.Copperman, J.Osborne, M.Jenkins,,Producer(s):,,S.Hendricks,,Imprint/Promotion Label:,,Warner Music Nashville/WMN,,,,,,,,Gains In Performance,,,,,,,Share Chart on Twitter,,,,,Twitter,,,,Share Chart on Copy Link,,,,,Copy Link,,,,Share Chart on Facebook,,,,,Facebook,,,,Share Chart on Embed,,,,,Embed,,,,,,,,,,RIAA Certification:,,,Platinum,,,,
,,,,33,,,,,,,,,,,,,,,,,,,,Champagne Night,,,Lady A,,,,,,,,,,,,52,,,,,33,,,,,11,,,,,,,,,,,,,,52,,,,,33,,,,,11,,,,,,,,,,,,,,,,,,,,,Credits,,Awards,,Share,,,,,Songwriter(s):,,D.Haywood, C.Kelley, H.Scott, P.Conroy, E.R.Dean, A.DeRoberts, T.A.Gemza, S.McAnally, M.R.Merlo, R.B.Tedder, D.Thomson,,Producer(s):,,S.McAnally, A.DeRoberts,,Imprint/Promotion Label:,,BMLG,,,,,,,,Gains In Performance,,,,,,,Share Chart on Twitter,,,,,Twitter,,,,Share Chart on Copy Link,,,,,Copy Link,,,,Share Chart on Facebook,,,,,Facebook,,,,Share Chart on Embed,,,,,Embed,,,,,,,,,,RIAA Certification:,,,Gold,,,,
,,,,34,,,,,,,,,,,,,,,,,,,,Whats Poppin,,,Jack Harlow Featuring DaBaby, Tory Lanez & Lil Wayne,,,,,,,,,,34,,,,,2,,,,,47,,,,,,,,,,,,34,,,,,2,,,,,47,,,,,,,,,,,,,,,,,,,,,Credits,,Share,,,,,Songwriter(s):,,J.Harlow, T.Morgan, D.L.Clemons, J.W.Lucas, N.Ward II, C.L.Goodwin, J.L.Kirk, D.Peterson, D.M.Carter, Jr.,,Producer(s):,,JetsonMade, Pooh Beatz, LosTheProducer,,Imprint/Promotion Label:,,Generation Now/Atlantic,,,,,,Share Chart on Twitter,,,,,Twitter,,,,Share Chart on Copy Link,,,,,Copy Link,,,,Share Chart on Facebook,,,,,Facebook,,,,Share Chart on Embed,,,,,Embed,,,,,,,,,,RIAA Certification:,,,Platinum x6,,,,
,,,,35,,,,,,,,,,,,,,,,,,,,WAP,,,Cardi B Featuring Megan Thee Stallion,,,,,,,,,,36,,,,,1,,,,,22,,,,,,,,,,,,36,,,,,1,,,,,22,,,,,,,,,,,,,,,,,,,,,Credits,,Share,,,,,Songwriter(s):,,Cardi B, M.J.Pete, A.Owens, J.Foye III, J.K.Lanier Thorpe, F.Rodriguez,,Producer(s):,,Ayo, Keyz,,Imprint/Promotion Label:,,Atlantic,,,,,,Share Chart on Twitter,,,,,Twitter,,,,Share Chart on Copy Link,,,,,Copy Link,,,,Share Chart on Facebook,,,,,Facebook,,,,Share Chart on Embed,,,,,Embed,,,,,,,,,,RIAA Certification:,,,Platinum x6,,,,
,,,,36,,,,,,,,,,,,,,,,,,,,Monster,,,Shawn Mendes & Justin Bieber,,,,,,,,,,45,,,,,8,,,,,7,,,,,,,,,,,,45,,,,,8,,,,,7,,,,,,,,,,,,,,,,,,,,,Credits,,Share,,,,,Songwriter(s):,,S.Mendes, J.D.Bieber, A.Simmonds, A.Feeny, M.Ahmed,,Producer(s):,,Frank Dukes,,Imprint/Promotion Label:,,Raymond Braun/Island/Def Jam/Republic,,,,,,Share Chart on Twitter,,,,,Twitter,,,,Share Chart on Copy Link,,,,,Copy Link,,,,Share Chart on Facebook,,,,,Facebook,,,,Share Chart on Embed,,,,,Embed,,,,,,,,,
,,,,37,,,,,,,,,,,,,,,,,,,,Pretty Heart,,,Parker McCollum,,,,,,,,,,40,,,,,36,,,,,22,,,,,,,,,,,,40,,,,,36,,,,,22,,,,,,,,,,,,,,,,,,,,,Credits,,Share,,,,,Songwriter(s):,,P.McCollum, R.Montana,,Producer(s):,,Jon Randall,,Imprint/Promotion Label:,,MCA Nashville,,,,,,Share Chart on Twitter,,,,,Twitter,,,,Share Chart on Copy Link,,,,,Copy Link,,,,Share Chart on Facebook,,,,,Facebook,,,,Share Chart on Embed,,,,,Embed,,,,,,,,,,RIAA Certification:,,,Platinum,,,,
,,,,38,,,,,,,,,,,,,,,,,,,,On Me,,,Lil Baby,,,,,,,,,,,,48,,,,,30,,,,,5,,,,,,,,,,,,,,48,,,,,30,,,,,5,,,,,,,,,,,,,,,,,,,,,Credits,,Awards,,Share,,,,,Songwriter(s):,,D.A.Jones, C.Osondu, A,M.Nurani,,Producer(s):,,Chi Chi, Evrgrn,,Imprint/Promotion Label:,,Quality Control/Wolfpack Global/Motown/Capitol,,,,,,,,Gains In Performance,,,,,,,Share Chart on Twitter,,,,,Twitter,,,,Share Chart on Copy Link,,,,,Copy Link,,,,Share Chart on Facebook,,,,,Facebook,,,,Share Chart on Embed,,,,,Embed,,,,,,,,,,RIAA Certification:,,,Platinum x3,,,,
,,,,39,,,,,,,,,,,,,,,,,,,,Diamonds,,,Sam Smith,,,,,,,,,,46,,,,,39,,,,,16,,,,,,,,,,,,46,,,,,39,,,,,16,,,,,,,,,,,,,,,,,,,,,Credits,,Share,,,,,Songwriter(s):,,S.Smith, Shellback, O.Gorres,,Producer(s):,,Shellback, O.Gorres,,Imprint/Promotion Label:,,Capitol,,,,,,Share Chart on Twitter,,,,,Twitter,,,,Share Chart on Copy Link,,,,,Copy Link,,,,Share Chart on Facebook,,,,,Facebook,,,,Share Chart on Embed,,,,,Embed,,,,,,,,,,RIAA Certification:,,,Gold,,,,
,,,,40,,,,,,,,,,,,,,,,,,,,You Broke Me First.,,,Tate McRae,,,,,,,,,,,,51,,,,,40,,,,,20,,,,,,,,,,,,,,51,,,,,40,,,,,20,,,,,,,,,,,,,,,,,,,,,Credits,,Awards,,Share,,,,,Songwriter(s):,,T.McRae, B.Harnage, V.Zaro,,Producer(s):,,B.Harnage,,Imprint/Promotion Label:,,RCA,,,,,,,,Gains In Performance,,,,,,,Share Chart on Twitter,,,,,Twitter,,,,Share Chart on Copy Link,,,,,Copy Link,,,,Share Chart on Facebook,,,,,Facebook,,,,Share Chart on Embed,,,,,Embed,,,,,,,,,,RIAA Certification:,,,Platinum x3,,,,
,,,,41,,,,,,,,,,,,,,,,,,,,My Ex's Best Friend,,,Machine Gun Kelly X blackbear,,,,,,,,,,,,56,,,,,28,,,,,21,,,,,,,,,,,,,,56,,,,,28,,,,,21,,,,,,,,,,,,,,,,,,,,,Credits,,Awards,,Share,,,,,Songwriter(s):,,R.C.Baker, T.L.Barker, N.A.Long, M.T.Musto,,Producer(s):,,T.L.Barker,,Imprint/Promotion Label:,,EST19XX/Bad Boy/Interscope,,,,,,,,Gains In Performance,,,,,,,Share Chart on Twitter,,,,,Twitter,,,,Share Chart on Copy Link,,,,,Copy Link,,,,Share Chart on Facebook,,,,,Facebook,,,,Share Chart on Embed,,,,,Embed,,,,,,,,,,RIAA Certification:,,,Platinum,,,,
,,,,42,,,,,,,,,,,,,,,,,,,,Watermelon Sugar,,,Harry Styles,,,,,,,,,,47,,,,,1,,,,,39,,,,,,,,,,,,47,,,,,1,,,,,39,,,,,,,,,,,,,,,,,,,,,Credits,,Share,,,,,Songwriter(s):,,H.Styles, T.Hull, M.Rowland, T.Johnson,,Producer(s):,,Kid Harpoon, T.Johnson,,Imprint/Promotion Label:,,Erskine/Columbia,,,,,,Share Chart on Twitter,,,,,Twitter,,,,Share Chart on Copy Link,,,,,Copy Link,,,,Share Chart on Facebook,,,,,Facebook,,,,Share Chart on Embed,,,,,Embed,,,,,,,,,,RIAA Certification:,,,Platinum x4,,,,
,,,,43,,,,,,,,,,,,,,,,,,,,Hawai,,,Maluma & The Weeknd,,,,,,,,,,49,,,,,12,,,,,20,,,,,,,,,,,,49,,,,,12,,,,,20,,,,,,,,,,,,,,,,,,,,,Credits,,Share,,,,,Songwriter(s):,,J.L.Londono Arias, B.Snaider Lezcano Chaverra, K.M.Jimenez Londono, E.Barrera, R.Cano, Miky La Sensa, J.E.Espinosa Cuervo, A.Uribe Marin, J.C.Vargas Vasquez, K.M.Cruz, A.Tesfaye,,Producer(s):,,The Rudeboyz, Jowan, Ily Wonder, Keityn,,Imprint/Promotion Label:,,Sony Music Latin/RCA,,,,,,Share Chart on Twitter,,,,,Twitter,,,,Share Chart on Copy Link,,,,,Copy Link,,,,Share Chart on Facebook,,,,,Facebook,,,,Share Chart on Embed,,,,,Embed,,,,,,,,,
,,,,44,,,,,,,,,,,,,,,,,,,,Cry Baby,,,Megan Thee Stallion Featuring DaBaby,,,,,,,,,,,,57,,,,,44,,,,,5,,,,,,,,,,,,,,57,,,,,44,,,,,5,,,,,,,,,,,,,,,,,,,,,Credits,,Awards,,Share,,,,,Songwriter(s):,,M.J.Pete, d.a. got that dope, D.Levin, K.Smith, J.L.Kirk,,Producer(s):,,d.a. got that dope,,Imprint/Promotion Label:,,1501 Certified/300,,,,,,,,Gains In Performance,,,,,,,Share Chart on Twitter,,,,,Twitter,,,,Share Chart on Copy Link,,,,,Copy Link,,,,Share Chart on Facebook,,,,,Facebook,,,,Share Chart on Embed,,,,,Embed,,,,,,,,,,RIAA Certification:,,,Platinum,,,,
,,,,45,,,,,,,,,,,,,,,,,,,,Hole In The Bottle,,,Kelsea Ballerini,,,,,,,,,,,,58,,,,,45,,,,,12,,,,,,,,,,,,,,58,,,,,45,,,,,12,,,,,,,,,,,,,,,,,,,,,Credits,,Awards,,Share,,,,,Songwriter(s):,,K.Ballerini, S.N.Jones, H.Lindsey, J.Frasure, A.Gorley,,Producer(s):,,J.Frasure, K.Ballerini,,Imprint/Promotion Label:,,Black River,,,,,,,,Gains In Performance,,,,,,,Share Chart on Twitter,,,,,Twitter,,,,Share Chart on Copy Link,,,,,Copy Link,,,,Share Chart on Facebook,,,,,Facebook,,,,Share Chart on Embed,,,,,Embed,,,,,,,,,,RIAA Certification:,,,Platinum,,,,
,,,,46,,,,,,,,,,,,,,,,,,,,Save Your Tears,,,The Weeknd & Ariana Grande,,,,,,,,,,,,95,,,,,41,,,,,4,,,,,,,,,,,,,,95,,,,,41,,,,,4,,,,,,,,,,,,,,,,,,,,,Credits,,Awards,,Share,,,,,Songwriter(s):,,A.Tesfaye, A.Balshe, J.Quenneville, Max Martin, O.T.Holter, A.Grande,,Producer(s):,,Max Martin, O.T.Holter, The Weeknd,,Imprint/Promotion Label:,,XO/Republic,,,,,,,,Gains In Performance,,,,,,,Share Chart on Twitter,,,,,Twitter,,,,Share Chart on Copy Link,,,,,Copy Link,,,,Share Chart on Facebook,,,,,Facebook,,,,Share Chart on Embed,,,,,Embed,,,,,,,,,,RIAA Certification:,,,Platinum x3,,,,
,,,,47,,,,,,,,,,,,,,,,,,,,Holiday,,,Lil Nas X,,,,,,,,,,43,,,,,37,,,,,8,,,,,,,,,,,,43,,,,,37,,,,,8,,,,,,,,,,,,,,,,,,,,,Credits,,Share,,,,,Songwriter(s):,,M.L.Hill, D.M.A.Baptiste, D.C.Snyder, B.L.Chambers, T.Brooks, J.A.Donald,,Producer(s):,,Take A Daytrip, Tay Keith,,Imprint/Promotion Label:,,Columbia,,,,,,Share Chart on Twitter,,,,,Twitter,,,,Share Chart on Copy Link,,,,,Copy Link,,,,Share Chart on Facebook,,,,,Facebook,,,,Share Chart on Embed,,,,,Embed,,,,,,,,,,RIAA Certification:,,,Platinum,,,,
,,,,48,,,,,,,,,,,,,,,,,,,,Good Time,,,Niko Moon,,,,,,,,,,,,61,,,,,48,,,,,14,,,,,,,,,,,,,,61,,,,,48,,,,,14,,,,,,,,,,,,,,,,,,,,,Credits,,Awards,,Share,,,,,Songwriter(s):,,N.Moon, J.Minton, A.Moon, J.Murty, M.Trussell,,Producer(s):,,N.Moon, J.Murty,,Imprint/Promotion Label:,,RCA Nashville,,,,,,,,Gains In Performance,,,,,,,Share Chart on Twitter,,,,,Twitter,,,,Share Chart on Copy Link,,,,,Copy Link,,,,Share Chart on Facebook,,,,,Facebook,,,,Share Chart on Embed,,,,,Embed,,,,,,,,,,RIAA Certification:,,,Platinum x2,,,,
,,,,49,,,,,,,,,,,,,,,,,,,,Big, Big Plans,,,Chris Lane,,,,,,,,,,54,,,,,42,,,,,14,,,,,,,,,,,,54,,,,,42,,,,,14,,,,,,,,,,,,,,,,,,,,,Credits,,Share,,,,,Songwriter(s):,,J.R.Durrett, C.Lane, E.K.Smith,,Producer(s):,,J.Moi,,Imprint/Promotion Label:,,Big Loud,,,,,,Share Chart on Twitter,,,,,Twitter,,,,Share Chart on Copy Link,,,,,Copy Link,,,,Share Chart on Facebook,,,,,Facebook,,,,Share Chart on Embed,,,,,Embed,,,,,,,,,,RIAA Certification:,,,Platinum,,,,
,,,,50,,,,,,,,,,,,,,,,,,,,Love You Like I Used To,,,Russell Dickerson,,,,,,,,,,60,,,,,31,,,,,18,,,,,,,,,,,,60,,,,,31,,,,,18,,,,,,,,,,,,,,,,,,,,,Credits,,Share,,,,,Songwriter(s):,,R.Dickerson, C.Brown, P.Welling,,Producer(s):,,D.Huff, C.Brown, R.Dickreson,,Imprint/Promotion Label:,,Triple Tigers,,,,,,Share Chart on Twitter,,,,,Twitter,,,,Share Chart on Copy Link,,,,,Copy Link,,,,Share Chart on Facebook,,,,,Facebook,,,,Share Chart on Embed,,,,,Embed,,,,,,,,,,RIAA Certification:,,,Platinum,,,,
,,,,51,,,,,,,,,,,,,,,,,,,,Forever After All,,,Luke Combs,,,,,,,,,,55,,,,,2,,,,,11,,,,,,,,,,,,55,,,,,2,,,,,11,,,,,,,,,,,,,,,,,,,,,Credits,,Share,,,,,Songwriter(s):,,L.Combs, D.Parker, R.Williford,,Producer(s):,,Chip Matthews, J.D.Singleton, L.Combs,,Imprint/Promotion Label:,,River House/Columbia Nashville,,,,,,Share Chart on Twitter,,,,,Twitter,,,,Share Chart on Copy Link,,,,,Copy Link,,,,Share Chart on Facebook,,,,,Facebook,,,,Share Chart on Embed,,,,,Embed,,,,,,,,,,RIAA Certification:,,,Platinum,,,,
,,,,52,,,,,,,,,,,,,,,,,,,,B.S.,,,Jhene Aiko Featuring H.E.R.,,,,,,,,,,59,,,,,24,,,,,22,,,,,,,,,,,,59,,,,,24,,,,,22,,,,,,,,,,,,,,,,,,,,,Credits,,Share,,,,,Songwriter(s):,,J.A.E. Chilombo, B.K.Warfield, M.Robinson, S.M.Anderson, H.E.R.,,Producer(s):,,Fisticuffs,,Imprint/Promotion Label:,,MBK/2 Fish/ARTclub/ARTium/RCA/Def Jam,,,,,,Share Chart on Twitter,,,,,Twitter,,,,Share Chart on Copy Link,,,,,Copy Link,,,,Share Chart on Facebook,,,,,Facebook,,,,Share Chart on Embed,,,,,Embed,,,,,,,,,,RIAA Certification:,,,Platinum x2,,,,
,,,,53,,,,,,,,,,,,,,,,,,,,7 Summers,,,Morgan Wallen,,,,,,,,,,,,63,,,,,6,,,,,20,,,,,,,,,,,,,,63,,,,,6,,,,,20,,,,,,,,,,,,,,,,,,,,,Credits,,Awards,,Share,,,,,Songwriter(s):,,M.Wallen, S.McAnally, J.Osborne,,Producer(s):,,J.Moi,,Imprint/Promotion Label:,,Republic/Big Loud,,,,,,,,Gains In Performance,,,,,,,Share Chart on Twitter,,,,,Twitter,,,,Share Chart on Copy Link,,,,,Copy Link,,,,Share Chart on Facebook,,,,,Facebook,,,,Share Chart on Embed,,,,,Embed,,,,,,,,,,RIAA Certification:,,,Platinum x2,,,,
,,,,54,,,,,,,,,,,,,,,,,,,,Without You,,,The Kid LAROI,,,,,,,,,,,,65,,,,,54,,,,,5,,,,,,,,,,,,,,65,,,,,54,,,,,5,,,,,,,,,,,,,,,,,,,,,Credits,,Awards,,Share,,,,,Songwriter(s):,,C.K.J.Howard, B.Walsh, O.Fedi, B.Slatktin,,Producer(s):,,O.Fedi, B.Slatkin,,Imprint/Promotion Label:,,Columbia,,,,,,,,Gains In Performance,,,,,,,Share Chart on Twitter,,,,,Twitter,,,,Share Chart on Copy Link,,,,,Copy Link,,,,Share Chart on Facebook,,,,,Facebook,,,,Share Chart on Embed,,,,,Embed,,,,,,,,,,RIAA Certification:,,,Platinum x3,,,,
,,,,55,,,,,,,,,,,,,,,,,,,,Mr. Right Now,,,21 Savage & Metro Boomin Featuring Drake,,,,,,,,,,64,,,,,10,,,,,14,,,,,,,,,,,,64,,,,,10,,,,,14,,,,,,,,,,,,,,,,,,,,,Credits,,Share,,,,,Songwriter(s):,,S.B.A.Joseph, L.T.Wayne, A.Graham, J.A.Donald, T.Kobang, D.Ruoff, E.Klughammer,,Producer(s):,,Metro Boomin, David & Eli,,Imprint/Promotion Label:,,Boominati/Slaughter Boomin/Republic/Epic,,,,,,Share Chart on Twitter,,,,,Twitter,,,,Share Chart on Copy Link,,,,,Copy Link,,,,Share Chart on Facebook,,,,,Facebook,,,,Share Chart on Embed,,,,,Embed,,,,,,,,,,RIAA Certification:,,,Platinum,,,,
,,,,56,,,,,,,,,,,,,,,,,,,,You're Mines Still,,,Yung Bleu Featuring Drake,,,,,,,,,,,,69,,,,,52,,,,,5,,,,,,,,,,,,,,69,,,,,52,,,,,5,,,,,,,,,,,,,,,,,,,,,Credits,,Awards,,Share,,,,,Songwriter(s):,,A.Graham, N.W.Rhoads, J.Biddle,,Producer(s):,,N.Rhoads,,Imprint/Promotion Label:,,Vandross/OVO Sound/EMPIRE/Warner,,,,,,,,Gains In Performance,,,,,,,Share Chart on Twitter,,,,,Twitter,,,,Share Chart on Copy Link,,,,,Copy Link,,,,Share Chart on Facebook,,,,,Facebook,,,,Share Chart on Embed,,,,,Embed,,,,,,,,,,RIAA Certification:,,,Platinum x2,,,,
,,,,57,,,,,,,,,,,,,,,,,,,,Take You Dancing,,,Jason Derulo,,,,,,,,,,,,79,,,,,57,,,,,5,,,,,,,,,,,,,,79,,,,,57,,,,,5,,,,,,,,,,,,,,,,,,,,,Credits,,Awards,,Share,,,,,Songwriter(s):,,J.J.Desrouleaux, E.Kiriakou, T.W.Brunila, S.A.Solovay, S.Charles,,Producer(s):,,E.Kiriakou, T.W.Brunila,,Imprint/Promotion Label:,,Artist Partner Group/Atlantic,,,,,,,,Gains In Performance,,,,,,,Share Chart on Twitter,,,,,Twitter,,,,Share Chart on Copy Link,,,,,Copy Link,,,,Share Chart on Facebook,,,,,Facebook,,,,Share Chart on Embed,,,,,Embed,,,,,,,,,
,,,,58,,,,,,,,,,,,,,,,,,,,Throat Baby (Go Baby),,,BRS Kash,,,,,,,,,,66,,,,,58,,,,,12,,,,,,,,,,,,66,,,,,58,,,,,12,,,,,,,,,,,,,,,,,,,,,Credits,,Share,,,,,Songwriter(s):,,K.Duncan,,Producer(s):,,AdamSlides, Chi Chi,,Imprint/Promotion Label:,,Team Litty/LVRN/Interscope,,,,,,Share Chart on Twitter,,,,,Twitter,,,,Share Chart on Copy Link,,,,,Copy Link,,,,Share Chart on Facebook,,,,,Facebook,,,,Share Chart on Embed,,,,,Embed,,,,,,,,,,RIAA Certification:,,,Platinum,,,,
,,,,59,,,,,,,,,,,,,,,,,,,,Still Trappin',,,Lil Durk & King Von,,,,,,,,,,53,,,,,53,,,,,2,,,,,,,,,,,,53,,,,,53,,,,,2,,,,,,,,,,,,,,,,,,,,,Credits,,Share,,,,,Songwriter(s):,,D.D.Banks, D.Bennett, Go Grizzly, C.Ward, L.Jae,,Producer(s):,,Go Grizzly, HITMAKA,,Imprint/Promotion Label:,,Alamo/Geffen/Interscope,,,,,,Share Chart on Twitter,,,,,Twitter,,,,Share Chart on Copy Link,,,,,Copy Link,,,,Share Chart on Facebook,,,,,Facebook,,,,Share Chart on Embed,,,,,Embed,,,,,,,,,
,,,,60,,,,,,,,,,,,,,,,,,,,Prisoner,,,Miley Cyrus Featuring Dua Lipa,,,,,,,,,,,,67,,,,,54,,,,,7,,,,,,,,,,,,,,67,,,,,54,,,,,7,,,,,,,,,,,,,,,,,,,,,Credits,,Awards,,Share,,,,,Songwriter(s):,,M.Cyrus, A.Wotman, J.K.Johnson, M.Lomax, S.Johnson, A.Tamposi, J.D.Bellion, M.R.Pollack, D.Lipa,,Producer(s):,,Andrew Watt, The Monsters & Strangerz,,Imprint/Promotion Label:,,RCA,,,,,,,,Gains In Performance,,,,,,,Share Chart on Twitter,,,,,Twitter,,,,Share Chart on Copy Link,,,,,Copy Link,,,,Share Chart on Facebook,,,,,Facebook,,,,Share Chart on Embed,,,,,Embed,,,,,,,,,
,,,,61,,,,,,,,,,,,,,,,,,,,Tyler Herro,,,Jack Harlow,,,,,,,,,,,,68,,,,,34,,,,,11,,,,,,,,,,,,,,68,,,,,34,,,,,11,,,,,,,,,,,,,,,,,,,,,Credits,,Awards,,Share,,,,,Songwriter(s):,,J.Harlow, M.J.Samuels, S.S.Storch, J.A.Sweet, S.Seaton,,Producer(s):,,Boi-1da, S.Storch, J.A.Sweet, Neenyo,,Imprint/Promotion Label:,,Generation Now/Atlantic,,,,,,,,Gains In Performance,,,,,,,Share Chart on Twitter,,,,,Twitter,,,,Share Chart on Copy Link,,,,,Copy Link,,,,Share Chart on Facebook,,,,,Facebook,,,,Share Chart on Embed,,,,,Embed,,,,,,,,,,RIAA Certification:,,,Platinum,,,,
,,,,62,,,,,,,,,,,,,,,,,,,,Hit Different,,,SZA Featuring Ty Dolla $ign,,,,,,,,,,,,70,,,,,29,,,,,17,,,,,,,,,,,,,,70,,,,,29,,,,,17,,,,,,,,,,,,,,,,,,,,,Credits,,Awards,,Share,,,,,Songwriter(s):,,T.W.Griffin Jr, S.I.Rowe, P.L.Williams, C.Hugo, R.Bisel, A.Clemons Jr.,,Producer(s):,,The Neptunes,,Imprint/Promotion Label:,,Top Dawg/RCA,,,,,,,,Gains In Performance,,,,,,,Share Chart on Twitter,,,,,Twitter,,,,Share Chart on Copy Link,,,,,Copy Link,,,,Share Chart on Facebook,,,,,Facebook,,,,Share Chart on Embed,,,,,Embed,,,,,,,,,,RIAA Certification:,,,Platinum,,,,
,,,,63,,,,,,,,,,,,,,,,,,,,Back To The Streets,,,Saweetie Featuring Jhene Aiko,,,,,,,,,,,,77,,,,,63,,,,,7,,,,,,,,,,,,,,77,,,,,63,,,,,7,,,,,,,,,,,,,,,,,,,,,Credits,,Awards,,Share,,,,,Songwriter(s):,,A.Gibson, T.Z.Mosley, S.Mitchell, S.Plummer, M.Suski, M.Crabtree, J.Velazquez, J.A.E. Chilombo, G.Borri, L.F.Vindver Arosa, D.Flores, D.Harper,,Producer(s):,,MTK, DrtWrk, F.Vindver, A.Lopez, Timbaland,,Imprint/Promotion Label:,,ICY/Artistry Worldwide/Warner,,,,,,,,Gains In Performance,,,,,,,Share Chart on Twitter,,,,,Twitter,,,,Share Chart on Copy Link,,,,,Copy Link,,,,Share Chart on Facebook,,,,,Facebook,,,,Share Chart on Embed,,,,,Embed,,,,,,,,,,RIAA Certification:,,,Gold,,,,
,,,,64,,,,,,,,,,,,,,,,,,,,Beers And Sunshine,,,Darius Rucker,,,,,,,,,,,,76,,,,,64,,,,,4,,,,,,,,,,,,,,76,,,,,64,,,,,4,,,,,,,,,,,,,,,,,,,,,Credits,,Awards,,Share,,,,,Songwriter(s):,,D.Rucker, R.Copperman, J.T.Harding, J.Osborne,,Producer(s):,,R.Copperman,,Imprint/Promotion Label:,,Capitol Nashville,,,,,,,,Gains In Performance,,,,,,,Share Chart on Twitter,,,,,Twitter,,,,Share Chart on Copy Link,,,,,Copy Link,,,,Share Chart on Facebook,,,,,Facebook,,,,Share Chart on Embed,,,,,Embed,,,,,,,,,,RIAA Certification:,,,Gold,,,,
,,,,65,,,,,,,,,,,,,,,,,,,,Golden,,,Harry Styles,,,,,,,,,,,,75,,,,,65,,,,,11,,,,,,,,,,,,,,75,,,,,65,,,,,11,,,,,,,,,,,,,,,,,,,,,Credits,,Awards,,Share,,,,,Songwriter(s):,,H.Styles, T.Hull, M.Rowland, T.Johnson,,Producer(s):,,T.Johnson, Kid Harpoon,,Imprint/Promotion Label:,,Erskine/Columbia,,,,,,,,Gains In Performance,,,,,,,Share Chart on Twitter,,,,,Twitter,,,,Share Chart on Copy Link,,,,,Copy Link,,,,Share Chart on Facebook,,,,,Facebook,,,,Share Chart on Embed,,,,,Embed,,,,,,,,,,RIAA Certification:,,,Platinum,,,,
,,,,66,,,,,,,,,,,,,,,,,,,,Damage,,,H.E.R.,,,,,,,,,,,,78,,,,,66,,,,,4,,,,,,,,,,,,,,78,,,,,66,,,,,4,,,,,,,,,,,,,,,,,,,,,Credits,,Awards,,Share,,,,,Songwriter(s):,,H.E.R., C.E.McCormick, A.Clemons Jr., T.Thomas, J.Gitelman, T.S.Lewis, J.S.Harris III,,Producer(s):,,Cardiak, Jeff Gitty,,Imprint/Promotion Label:,,MBK/RCA,,,,,,,,Gains In Performance,,,,,,,Share Chart on Twitter,,,,,Twitter,,,,Share Chart on Copy Link,,,,,Copy Link,,,,Share Chart on Facebook,,,,,Facebook,,,,Share Chart on Embed,,,,,Embed,,,,,,,,,,RIAA Certification:,,,Platinum,,,,
,,,,67,,,,,,,,,,,,,,,,,,,,Put Your Records On,,,Ritt Momney,,,,,,,,,,,,84,,,,,67,,,,,12,,,,,,,,,,,,,,84,,,,,67,,,,,12,,,,,,,,,,,,,,,,,,,,,Credits,,Awards,,Share,,,,,Songwriter(s):,,C.B.Rae, J.Beck, S.Chrisanthou,,Producer(s):,,J.Rutter,,Imprint/Promotion Label:,,QuarterZip/Disruptor/Columbia,,,,,,,,Gains In Performance,,,,,,,Share Chart on Twitter,,,,,Twitter,,,,Share Chart on Copy Link,,,,,Copy Link,,,,Share Chart on Facebook,,,,,Facebook,,,,Share Chart on Embed,,,,,Embed,,,,,,,,,,RIAA Certification:,,,Platinum,,,,
,,,,68,,,,,,,,,,,,,,,,,,,,What's Your Country Song,,,Thomas Rhett,,,,,,,,,,,,80,,,,,68,,,,,3,,,,,,,,,,,,,,80,,,,,68,,,,,3,,,,,,,,,,,,,,,,,,,,,Credits,,Awards,,Share,,,,,Songwriter(s):,,Thomas Rhett, R.Akins, J.Frasure, A.Gorley, P.Welling,,Producer(s):,,D.Huff, J.Frasure,,Imprint/Promotion Label:,,Valory,,,,,,,,Gains In Performance,,,,,,,Share Chart on Twitter,,,,,Twitter,,,,Share Chart on Copy Link,,,,,Copy Link,,,,Share Chart on Facebook,,,,,Facebook,,,,Share Chart on Embed,,,,,Embed,,,,,,,,,,RIAA Certification:,,,Gold,,,,
,,,,69,,,,,,,,,,,,,,,,,,,,Happy Does,,,Kenny Chesney,,,,,,,,,,,,87,,,,,69,,,,,8,,,,,,,,,,,,,,87,,,,,69,,,,,8,,,,,,,,,,,,,,,,,,,,,Credits,,Awards,,Share,,,,,Songwriter(s):,,B.Clawson, J.Paulin, B.Berryhill, G.James,,Producer(s):,,B.Cannon, K.Chesney,,Imprint/Promotion Label:,,Blue Chair/Warner Music Nashville/WEA,,,,,,,,Gains In Performance,,,,,,,Share Chart on Twitter,,,,,Twitter,,,,Share Chart on Copy Link,,,,,Copy Link,,,,Share Chart on Facebook,,,,,Facebook,,,,Share Chart on Embed,,,,,Embed,,,,,,,,,,RIAA Certification:,,,Gold,,,,
,,,,70,,,,,,,,,,,,,,,,,,,,Monsters,,,All Time Low Featuring Demi Lovato & blackbear,,,,,,,,,,,,88,,,,,70,,,,,2,,,,,,,,,,,,,,88,,,,,70,,,,,2,,,,,,,,,,,,,,,,,,,,,Credits,,Awards,,Share,,,,,Songwriter(s):,,A.Gaskarth, J.Barakat, A.M.Goldstein, K.R.Fisher, M.T.Musto, D.Lovato,,Producer(s):,,A.Gaskarth, Z.Cervini, A.M.Goldstein,,Imprint/Promotion Label:,,Fueled By Ramen/EMG,,,,,,,,Gains In Performance,,,,,,,Share Chart on Twitter,,,,,Twitter,,,,Share Chart on Copy Link,,,,,Copy Link,,,,Share Chart on Facebook,,,,,Facebook,,,,Share Chart on Embed,,,,,Embed,,,,,,,,,,RIAA Certification:,,,Gold,,,,
,,,,71,,,,,,,,,,,,,,,,,,,,Midnight Sky,,,Miley Cyrus,,,,,,,,,,81,,,,,14,,,,,19,,,,,,,,,,,,81,,,,,14,,,,,19,,,,,,,,,,,,,,,,,,,,,Credits,,Share,,,,,Songwriter(s):,,M.Cyrus, A.Wotman, L.B.Bell, A.Tamposi, I.Juber, J.D.Bellion, S.Nicks,,Producer(s):,,Andrew Watt, L.Bell,,Imprint/Promotion Label:,,RCA,,,,,,Share Chart on Twitter,,,,,Twitter,,,,Share Chart on Copy Link,,,,,Copy Link,,,,Share Chart on Facebook,,,,,Facebook,,,,Share Chart on Embed,,,,,Embed,,,,,,,,,
,,,,72,,,,,,,,,,,,,,,,,,,,Down To One,,,Luke Bryan,,,,,,,,,,,,91,,,,,72,,,,,2,,,,,,,,,,,,,,91,,,,,72,,,,,2,,,,,,,,,,,,,,,,,,,,,Credits,,Awards,,Share,,,,,Songwriter(s):,,K.Fishman, D.Davidson, J.Ebach,,Producer(s):,,J.Stevens, J.Stevens,,Imprint/Promotion Label:,,Capitol Nashville,,,,,,,,Gains In Performance,,,,,,,Share Chart on Twitter,,,,,Twitter,,,,Share Chart on Copy Link,,,,,Copy Link,,,,Share Chart on Facebook,,,,,Facebook,,,,Share Chart on Embed,,,,,Embed,,,,,,,,,,RIAA Certification:,,,Gold,,,,
,,,,73,,,,,,,,,,,,,,,,,,,,Bichota,,,Karol G,,,,,,,,,,,,85,,,,,73,,,,,6,,,,,,,,,,,,,,85,,,,,73,,,,,6,,,,,,,,,,,,,,,,,,,,,Credits,,Awards,,Share,,,,,Songwriter(s):,,Karol G, D.Echavarria Oviedo, J.M.Gonzalez Tavarez, C.Andres Salazar, J.R.Quiles Rivera,,Producer(s):,,Ovy On The Drums,,Imprint/Promotion Label:,,Universal Music Latino/UMLE,,,,,,,,Gains In Performance,,,,,,,Share Chart on Twitter,,,,,Twitter,,,,Share Chart on Copy Link,,,,,Copy Link,,,,Share Chart on Facebook,,,,,Facebook,,,,Share Chart on Embed,,,,,Embed,,,,,,,,,
,,,,74,,,,,,,,,,,,,,,,,,,,Backdoor,,,Lil Durk,,,,,,,,,,62,,,,,62,,,,,3,,,,,,,,,,,,62,,,,,62,,,,,3,,,,,,,,,,,,,,,,,,,,,Credits,,Share,,,,,Songwriter(s):,,D.D.Banks, M.W.Bynoe-Fisher, J.Samuel, B.Rembert, L.Gentle,,Producer(s):,,Turnmeupjosh, Aura, MalikOTB, Ayo Bleu,,Imprint/Promotion Label:,,Alamo/Geffen/Interscope,,,,,,Share Chart on Twitter,,,,,Twitter,,,,Share Chart on Copy Link,,,,,Copy Link,,,,Share Chart on Facebook,,,,,Facebook,,,,Share Chart on Embed,,,,,Embed,,,,,,,,,,RIAA Certification:,,,Gold,,,,
,,,,75,,,,,,,,,,,,,,,,,,,,Just The Way,,,Parmalee x Blanco Brown,,,,,,,,,,,,97,,,,,75,,,,,2,,,,,,,,,,,,,,97,,,,,75,,,,,2,,,,,,,,,,,,,,,,,,,,,Credits,,Awards,,Share,,,,,Songwriter(s):,,M.Thomas, K.Bard, N.W.Sipe,,Producer(s):,,D.Fanning,,Imprint/Promotion Label:,,Stoney Creek,,,,,,,,Gains In Performance,,,,,,,Share Chart on Twitter,,,,,Twitter,,,,Share Chart on Copy Link,,,,,Copy Link,,,,Share Chart on Facebook,,,,,Facebook,,,,Share Chart on Embed,,,,,Embed,,,,,,,,,,RIAA Certification:,,,Platinum,,,,
,,,,76,,,,,,,,,,,,,,,,,,,,Ain't Always The Cowboy,,,Jon Pardi,,,,,,,,,,83,,,,,55,,,,,18,,,,,,,,,,,,83,,,,,55,,,,,18,,,,,,,,,,,,,,,,,,,,,Credits,,Share,,,,,Songwriter(s):,,B.Kinney, J.Thompson,,Producer(s):,,B.Butler, R.Gore, J.Pardi,,Imprint/Promotion Label:,,Capitol Nashville,,,,,,Share Chart on Twitter,,,,,Twitter,,,,Share Chart on Copy Link,,,,,Copy Link,,,,Share Chart on Facebook,,,,,Facebook,,,,Share Chart on Embed,,,,,Embed,,,,,,,,,,RIAA Certification:,,,Platinum,,,,
,,,,77,,,,,,,,,,,,,,,,,,,,The Good Ones,,,Gabby Barrett,,,,,,,,,,,,100,,,,,77,,,,,2,,,,,,,,,,,,,,100,,,,,77,,,,,2,,,,,,,,,,,,,,,,,,,,,Credits,,Awards,,Share,,,,,Songwriter(s):,,G.Barrett, E.Landis, J.McCormick, Z.Kale,,Producer(s):,,R.Copperman, Z.Kale,,Imprint/Promotion Label:,,Warner Music Nashville/WAR,,,,,,,,Gains In Performance,,,,,,,Share Chart on Twitter,,,,,Twitter,,,,Share Chart on Copy Link,,,,,Copy Link,,,,Share Chart on Facebook,,,,,Facebook,,,,Share Chart on Embed,,,,,Embed,,,,,,,,,,RIAA Certification:,,,Platinum,,,,
,,,,78,,,,,,,,,,,,,,,,,,,,Adderall (Corvette Corvette),,,Popp Hunna,,,,,,,,,,74,,,,,74,,,,,3,,,,,,,,,,,,74,,,,,74,,,,,3,,,,,,,,,,,,,,,,,,,,,Credits,,Share,,,,,Songwriter(s):,,C.A.Vengrove, A.Castillo, O.Bernard,,Producer(s):,,Bert Beatz, CV,,Imprint/Promotion Label:,,Popp Hunna,,,,,,Share Chart on Twitter,,,,,Twitter,,,,Share Chart on Copy Link,,,,,Copy Link,,,,Share Chart on Facebook,,,,,Facebook,,,,Share Chart on Embed,,,,,Embed,,,,,,,,,
,,,,79,,,NEW,,,,,,,,,,,,NEW,,,,,,,Long Live,,,Florida Georgia Line,,,,,,,,,,,,-,,,,,79,,,,,1,,,,,,,,,,,,,,-,,,,,79,,,,,1,,,,,,,,,,,,,,,,,,,,,Credits,,Awards,,Share,,,,,Songwriter(s):,,T.R.Hubbard, B.Kelley, C.Crowder, D.A.Garcia, J.Miller,,Producer(s):,,C.Crowder, T.Hubbard, B.Kelley,,Imprint/Promotion Label:,,BMLG,,,,,,,,Gains In Performance,,,,,,,Share Chart on Twitter,,,,,Twitter,,,,Share Chart on Copy Link,,,,,Copy Link,,,,Share Chart on Facebook,,,,,Facebook,,,,Share Chart on Embed,,,,,Embed,,,,,,,,,,RIAA Certification:,,,Gold,,,,
,,,,80,,,,,,,,,,,,,,,,,,,,So Done,,,The Kid LAROI,,,,,,,,,,,,96,,,,,59,,,,,9,,,,,,,,,,,,,,96,,,,,59,,,,,9,,,,,,,,,,,,,,,,,,,,,Credits,,Awards,,Share,,,,,Songwriter(s):,,C.K.J.Howard, K.Rohaim, O.Fedi,,Producer(s):,,K.Rohaim, O.Fedi,,Imprint/Promotion Label:,,Columbia,,,,,,,,Gains In Performance,,,,,,,Share Chart on Twitter,,,,,Twitter,,,,Share Chart on Copy Link,,,,,Copy Link,,,,Share Chart on Facebook,,,,,Facebook,,,,Share Chart on Embed,,,,,Embed,,,,,,,,,,RIAA Certification:,,,Platinum,,,,
,,,,81,,,RE-,ENTRY,,,,,,,,,,,,RE-,ENTRY,,,,,,,Somebody's Problem,,,Morgan Wallen,,,,,,,,,,,,-,,,,,25,,,,,4,,,,,,,,,,,,,,-,,,,,25,,,,,4,,,,,,,,,,,,,,,,,,,,,Credits,,Awards,,Share,,,,,Songwriter(s):,,M.Wallen, R.Clawson, J.R.Durrett, E.K.Smith,,Producer(s):,,J.Moi,,Imprint/Promotion Label:,,Republic/Big Loud,,,,,,,,Gains In Performance,,,,,,,Share Chart on Twitter,,,,,Twitter,,,,Share Chart on Copy Link,,,,,Copy Link,,,,Share Chart on Facebook,,,,,Facebook,,,,Share Chart on Embed,,,,,Embed,,,,,,,,,,RIAA Certification:,,,Platinum,,,,
,,,,82,,,RE-,ENTRY,,,,,,,,,,,,RE-,ENTRY,,,,,,,Moonwalking In Calabasas,,,DDG,,,,,,,,,,,,-,,,,,82,,,,,2,,,,,,,,,,,,,,-,,,,,82,,,,,2,,,,,,,,,,,,,,,,,,,,,Credits,,Awards,,Share,,,,,Songwriter(s):,,D.Granberry, Jr., D.Miller,,Producer(s):,,DevIsLit,,Imprint/Promotion Label:,,DDG/Epic,,,,,,,,Gains In Performance,,,,,,,Share Chart on Twitter,,,,,Twitter,,,,Share Chart on Copy Link,,,,,Copy Link,,,,Share Chart on Facebook,,,,,Facebook,,,,Share Chart on Embed,,,,,Embed,,,,,,,,,,RIAA Certification:,,,Platinum,,,,
,,,,83,,,,,,,,,,,,,,,,,,,,Way Out,,,Jack Harlow Featuring Big Sean,,,,,,,,,,98,,,,,74,,,,,4,,,,,,,,,,,,98,,,,,74,,,,,4,,,,,,,,,,,,,,,,,,,,,Credits,,Share,,,,,Songwriter(s):,,J.Harlow, S.M.Anderson, T.Morgan, J.L.Harris, E.Romano,,Producer(s):,,JetsonMade, J.L.Harris, Heavy Mellow,,Imprint/Promotion Label:,,Generation Now/Atlantic,,,,,,Share Chart on Twitter,,,,,Twitter,,,,Share Chart on Copy Link,,,,,Copy Link,,,,Share Chart on Facebook,,,,,Facebook,,,,Share Chart on Embed,,,,,Embed,,,,,,,,,,RIAA Certification:,,,Gold,,,,
,,,,84,,,,,,,,,,,,,,,,,,,,Stay Down,,,Lil Durk, 6LACK & Young Thug,,,,,,,,,,73,,,,,73,,,,,3,,,,,,,,,,,,73,,,,,73,,,,,3,,,,,,,,,,,,,,,,,,,,,Credits,,Share,,,,,Songwriter(s):,,D.D.Banks, J.L.Williams, R.V.Valentine Jr., L.T.Wayne, D.L.J.Avery,,Producer(s):,,Metro Boomin, DY Krazy,,Imprint/Promotion Label:,,Alamo/Geffen/Interscope,,,,,,Share Chart on Twitter,,,,,Twitter,,,,Share Chart on Copy Link,,,,,Copy Link,,,,Share Chart on Facebook,,,,,Facebook,,,,Share Chart on Embed,,,,,Embed,,,,,,,,,
,,,,85,,,RE-,ENTRY,,,,,,,,,,,,RE-,ENTRY,,,,,,,Some Girls,,,Jameson Rodgers,,,,,,,,,,,,-,,,,,29,,,,,17,,,,,,,,,,,,,,-,,,,,29,,,,,17,,,,,,,,,,,,,,,,,,,,,Credits,,Awards,,Share,,,,,Songwriter(s):,,M.W.Hardy, J.Mitchell, C.J. Solar,,Producer(s):,,C.Farren, M.J.Cones,,Imprint/Promotion Label:,,Combustion/River House/Columbia Nashville,,,,,,,,Gains In Performance,,,,,,,Share Chart on Twitter,,,,,Twitter,,,,Share Chart on Copy Link,,,,,Copy Link,,,,Share Chart on Facebook,,,,,Facebook,,,,Share Chart on Embed,,,,,Embed,,,,,,,,,,RIAA Certification:,,,Platinum,,,,
,,,,86,,,,,,,,,,,,,,,,,,,,Took Her To The O,,,King Von,,,,,,,,,,94,,,,,47,,,,,8,,,,,,,,,,,,94,,,,,47,,,,,8,,,,,,,,,,,,,,,,,,,,,,,Credits,,Share,,,,,Songwriter(s):,,D.Bennett,,Producer(s):,,Chopsquad DJ,,Imprint/Promotion Label:,,Only The Family/EMPIRE,,,,,,Share Chart on Twitter,,,,,Twitter,,,,Share Chart on Copy Link,,,,,Copy Link,,,,Share Chart on Facebook,,,,,Facebook,,,,Share Chart on Embed,,,,,Embed,,,,,,,,,,RIAA Certification:,,,Platinum,,,,
,,,,87,,,NEW,,,,,,,,,,,,NEW,,,,,,,Girl Like Me,,,Black Eyed Peas X Shakira,,,,,,,,,,,,-,,,,,87,,,,,1,,,,,,,,,,,,,,-,,,,,87,,,,,1,,,,,,,,,,,,,,,,,,,,,Credits,,Awards,,Share,,,,,Songwriter(s):,,W.Adams, A.Pineda, J.Gomez, Y.Goldstein, Shakira, B.Buckley, A.Mendez, T.Mitchell,,Producer(s):,,will.i.am, Shakira, Johnny Goldstein,,Imprint/Promotion Label:,,BEP/Epic,,,,,,,,Gains In Performance,,,,,,,Share Chart on Twitter,,,,,Twitter,,,,Share Chart on Copy Link,,,,,Copy Link,,,,Share Chart on Facebook,,,,,Facebook,,,,Share Chart on Embed,,,,,Embed,,,,,,,,,,RIAA Certification:,,,Gold,,,,
,,,,88,,,NEW,,,,,,,,,,,,NEW,,,,,,,Momma's House,,,Dustin Lynch,,,,,,,,,,,,-,,,,,88,,,,,1,,,,,,,,,,,,,,-,,,,,88,,,,,1,,,,,,,,,,,,,,,,,,,,,Credits,,Awards,,Share,,,,,Songwriter(s):,,D.Schneider, M.Lotten, R.Clawson, J.T.Wilson,,Producer(s):,,Z.Crowell,,Imprint/Promotion Label:,,Broken Bow,,,,,,,,Gains In Performance,,,,,,,Share Chart on Twitter,,,,,Twitter,,,,Share Chart on Copy Link,,,,,Copy Link,,,,Share Chart on Facebook,,,,,Facebook,,,,Share Chart on Embed,,,,,Embed,,,,,,,,,
,,,,89,,,RE-,ENTRY,,,,,,,,,,,,RE-,ENTRY,,,,,,,One Too Many,,,Keith Urban Duet With P!nk,,,,,,,,,,,,-,,,,,62,,,,,5,,,,,,,,,,,,,,-,,,,,62,,,,,5,,,,,,,,,,,,,,,,,,,,,Credits,,Awards,,Share,,,,,Songwriter(s):,,D.H.Davidsen, P.Wallevik, M.H.Hansen, J.Norton, C.J.Tighe,,Producer(s):,,K.Urban, PhD, Cutfather,,Imprint/Promotion Label:,,Hit Red/Capitol Nashville/Capitol,,,,,,,,Gains In Performance,,,,,,,Share Chart on Twitter,,,,,Twitter,,,,Share Chart on Copy Link,,,,,Copy Link,,,,Share Chart on Facebook,,,,,Facebook,,,,Share Chart on Embed,,,,,Embed,,,,,,,,,,RIAA Certification:,,,Gold,,,,
,,,,90,,,RE-,ENTRY,,,,,,,,,,,,RE-,ENTRY,,,,,,,Kacey Talk,,,YoungBoy Never Broke Again,,,,,,,,,,,,-,,,,,50,,,,,15,,,,,,,,,,,,,,-,,,,,50,,,,,15,,,,,,,,,,,,,,,,,,,,,Credits,,Awards,,Share,,,,,Songwriter(s):,,K.D.Gaulden, S.Lopez, J.Lewis, J.Goldberg,,Producer(s):,,1Mind, JULiA LEWIS,,Imprint/Promotion Label:,,Never Broke Again/Artist Partner Group/Atlantic,,,,,,,,Gains In Performance,,,,,,,Share Chart on Twitter,,,,,Twitter,,,,Share Chart on Copy Link,,,,,Copy Link,,,,Share Chart on Facebook,,,,,Facebook,,,,Share Chart on Embed,,,,,Embed,,,,,,,,,,RIAA Certification:,,,Platinum x2,,,,
,,,,91,,,RE-,ENTRY,,,,,,,,,,,,RE-,ENTRY,,,,,,,Wonder,,,Shawn Mendes,,,,,,,,,,,,-,,,,,18,,,,,11,,,,,,,,,,,,,,-,,,,,18,,,,,11,,,,,,,,,,,,,,,,,,,,,Credits,,Awards,,Share,,,,,Songwriter(s):,,S.Mendes, Scott Harris, T.Hull, N.Mercereau,,Producer(s):,,Kid Harpoon, S.Mendes, N.Mercereau,,Imprint/Promotion Label:,,Island/Republic,,,,,,,,Gains In Performance,,,,,,,Share Chart on Twitter,,,,,Twitter,,,,Share Chart on Copy Link,,,,,Copy Link,,,,Share Chart on Facebook,,,,,Facebook,,,,Share Chart on Embed,,,,,Embed,,,,,,,,,
,,,,92,,,RE-,ENTRY,,,,,,,,,,,,RE-,ENTRY,,,,,,,La Noche de Anoche,,,Bad Bunny & Rosalia,,,,,,,,,,,,-,,,,,53,,,,,3,,,,,,,,,,,,,,-,,,,,53,,,,,3,,,,,,,,,,,,,,,,,,,,,Credits,,Awards,,Share,,,,,Songwriter(s):,,B.A.Martinez Ocasio, C.E.Ortiz Rivera, J.G.Rivera Vazquez, J.E.Ortiz Rivera, R.Vila Tobella,,Producer(s):,,Tainy, Chris Jeday, Gaby Music, J.E.Ortiz Rivera,,Imprint/Promotion Label:,,Rimas,,,,,,,,Gains In Performance,,,,,,,Share Chart on Twitter,,,,,Twitter,,,,Share Chart on Copy Link,,,,,Copy Link,,,,Share Chart on Facebook,,,,,Facebook,,,,Share Chart on Embed,,,,,Embed,,,,,,,,,
,,,,93,,,NEW,,,,,,,,,,,,NEW,,,,,,,Back In Blood,,,Pooh Shiesty Featuring Lil Durk,,,,,,,,,,,,-,,,,,93,,,,,1,,,,,,,,,,,,,,-,,,,,93,,,,,1,,,,,,,,,,,,,,,,,,,,,Credits,,Awards,,Share,,,,,Songwriter(s):,,L.Williams Jr., C.Pearson, D.D.Banks,,Producer(s):,,YC,,Imprint/Promotion Label:,,1017 Global/Atlantic,,,,,,,,Gains In Performance,,,,,,,Share Chart on Twitter,,,,,Twitter,,,,Share Chart on Copy Link,,,,,Copy Link,,,,Share Chart on Facebook,,,,,Facebook,,,,Share Chart on Embed,,,,,Embed,,,,,,,,,,RIAA Certification:,,,Platinum x3,,,,
,,,,94,,,NEW,,,,,,,,,,,,NEW,,,,,,,Hell Of A View,,,Eric Church,,,,,,,,,,,,-,,,,,94,,,,,1,,,,,,,,,,,,,,-,,,,,94,,,,,1,,,,,,,,,,,,,,,,,,,,,Credits,,Awards,,Share,,,,,Songwriter(s):,,E.Church, C.Beathard, M.Criswell,,Producer(s):,,J.Joyce,,Imprint/Promotion Label:,,EMI Nashville,,,,,,,,Gains In Performance,,,,,,,Share Chart on Twitter,,,,,Twitter,,,,Share Chart on Copy Link,,,,,Copy Link,,,,Share Chart on Facebook,,,,,Facebook,,,,Share Chart on Embed,,,,,Embed,,,,,,,,,,RIAA Certification:,,,Gold,,,,
,,,,95,,,NEW,,,,,,,,,,,,NEW,,,,,,,Almost Maybes,,,Jordan Davis,,,,,,,,,,,,-,,,,,95,,,,,1,,,,,,,,,,,,,,-,,,,,95,,,,,1,,,,,,,,,,,,,,,,,,,,,Credits,,Awards,,Share,,,,,Songwriter(s):,,J.Davis, J.Frasure, H.Lindsey,,Producer(s):,,P.DiGiovanni,,Imprint/Promotion Label:,,MCA Nashville,,,,,,,,Gains In Performance,,,,,,,Share Chart on Twitter,,,,,Twitter,,,,Share Chart on Copy Link,,,,,Copy Link,,,,Share Chart on Facebook,,,,,Facebook,,,,Share Chart on Embed,,,,,Embed,,,,,,,,,,RIAA Certification:,,,Platinum,,,,
,,,,96,,,RE-,ENTRY,,,,,,,,,,,,RE-,ENTRY,,,,,,,Everywhere But On,,,Matt Stell,,,,,,,,,,,,-,,,,,48,,,,,12,,,,,,,,,,,,,,-,,,,,48,,,,,12,,,,,,,,,,,,,,,,,,,,,Credits,,Awards,,Share,,,,,Songwriter(s):,,M.Stell, P.Sikes, L.Miller,,Producer(s):,,A.Bowers, M.Stell,,Imprint/Promotion Label:,,RECORDS/Arista Nashville,,,,,,,,Gains In Performance,,,,,,,Share Chart on Twitter,,,,,Twitter,,,,Share Chart on Copy Link,,,,,Copy Link,,,,Share Chart on Facebook,,,,,Facebook,,,,Share Chart on Embed,,,,,Embed,,,,,,,,,,RIAA Certification:,,,Gold,,,,
,,,,97,,,NEW,,,,,,,,,,,,NEW,,,,,,,Lady,,,Brett Young,,,,,,,,,,,,-,,,,,97,,,,,1,,,,,,,,,,,,,,-,,,,,97,,,,,1,,,,,,,,,,,,,,,,,,,,,Credits,,Awards,,Share,,,,,Songwriter(s):,,B.Young, R.Copperman, J.M.Nite,,Producer(s):,,D.Huff,,Imprint/Promotion Label:,,BMLG,,,,,,,,Gains In Performance,,,,,,,Share Chart on Twitter,,,,,Twitter,,,,Share Chart on Copy Link,,,,,Copy Link,,,,Share Chart on Facebook,,,,,Facebook,,,,Share Chart on Embed,,,,,Embed,,,,,,,,,,RIAA Certification:,,,Platinum,,,,
,,,,98,,,RE-,ENTRY,,,,,,,,,,,,RE-,ENTRY,,,,,,,Still Goin Down,,,Morgan Wallen,,,,,,,,,,,,-,,,,,46,,,,,3,,,,,,,,,,,,,,-,,,,,46,,,,,3,,,,,,,,,,,,,,,,,,,,,Credits,,Awards,,Share,,,,,Songwriter(s):,,M.Wallen, M.W.Hardy, Charlie Handsome,,Producer(s):,,J.Moi,,Imprint/Promotion Label:,,Republic/Big Loud,,,,,,,,Gains In Performance,,,,,,,Share Chart on Twitter,,,,,Twitter,,,,Share Chart on Copy Link,,,,,Copy Link,,,,Share Chart on Facebook,,,,,Facebook,,,,Share Chart on Embed,,,,,Embed,,,,,,,,,,RIAA Certification:,,,Platinum,,,,
,,,,99,,,RE-,ENTRY,,,,,,,,,,,,RE-,ENTRY,,,,,,,Reminds Me Of You,,,The Kid LAROI & Juice WRLD,,,,,,,,,,,,-,,,,,89,,,,,2,,,,,,,,,,,,,,-,,,,,89,,,,,2,,,,,,,,,,,,,,,,,,,,,,,Credits,,Awards,,Share,,,,,Songwriter(s):,,Not Listed,,Producer(s):,,Not Listed,,Imprint/Promotion Label:,,Interscope/Grade A,,,,,,,,Gains In Performance,,,,,,,Share Chart on Twitter,,,,,Twitter,,,,Share Chart on Copy Link,,,,,Copy Link,,,,Share Chart on Facebook,,,,,Facebook,,,,Share Chart on Embed,,,,,Embed,,,,,,,,,
,,,,100,,,NEW,,,,,,,,,,,,NEW,,,,,,,Heat Waves,,,Glass Animals,,,,,,,,,,,,-,,,,,100,,,,,1,,,,,,,,,,,,,,-,,,,,100,,,,,1,,,,,,,,,,,,,,,,,,,,,Credits,,Awards,,Share,,,,,Songwriter(s):,,D.Bayley,,Producer(s):,,D.Bayley,,Imprint/Promotion Label:,,Wolf Tone/Polydor/Republic,,,,,,,,Gains In Performance,,,,,,,Share Chart on Twitter,,,,,Twitter,,,,Share Chart on Copy Link,,,,,Copy Link,,,,Share Chart on Facebook,,,,,Facebook,,,,Share Chart on Embed,,,,,Embed,,,,,,,,,,RIAA Certification:,,,Platinum x3,,,,
